title,url,thumbnail_url,Channel,description
Marvel Studios' Thor: Love and Thunder | Official Trailer,https://www.youtube.com/watch?v=Go8nTmfrQd8,https://i.ytimg.com/vi/Go8nTmfrQd8/hqdefault.jpg?sqp=-oaymwEcCPYBEIoBSFXyq4qpAw4IARUAAIhCGAFwAcABBg==&rs=AOn4CLD_OkO8_aac9ZIRZUAP9DZB4Ri83g,Marvel Entertainment,"“Let me tell you the story of the space viking, Thor Odinson…” Watch the brand-new trailer for Marvel Studios’ Thor: Love and Thunder and witness it only in theaters July 8. ► Watch..."
Andor | Teaser Trailer | Disney+,https://www.youtube.com/watch?v=j5UX1Adanis,https://i.ytimg.com/vi/j5UX1Adanis/hqdefault.jpg?sqp=-oaymwEcCPYBEIoBSFXyq4qpAw4IARUAAIhCGAFwAcABBg==&rs=AOn4CLA6DKLTxN3krSV3OLQk0-hChm_z3g,Star Wars,"The “Andor” series will explore a new perspective from the Star Wars galaxy, focusing on Cassian Andor’s journey to discover the difference he can make. The series brings forward the..."
Willow | Official Teaser Trailer | Disney+,https://www.youtube.com/watch?v=tbbveDpUZv4,https://i.ytimg.com/vi/tbbveDpUZv4/hqdefault.jpg?sqp=-oaymwEcCPYBEIoBSFXyq4qpAw4IARUAAIhCGAFwAcABBg==&rs=AOn4CLB9XYDSqxGhjjkfauhat4YTWwXgkw,Lucasfilm,"This fall, a new adventure begins. ✨ Watch the teaser trailer for #Willow, an Original series streaming November 30, only on #DisneyPlus."
Baz Luhrmann's ELVIS | Official Trailer 2,https://www.youtube.com/watch?v=Gp2BNHwbwvI,https://i.ytimg.com/vi/Gp2BNHwbwvI/hqdefault.jpg?sqp=-oaymwEcCPYBEIoBSFXyq4qpAw4IARUAAIhCGAFwAcABBg==&rs=AOn4CLAXuwmR7dQYyiCSevLNI96l523dqQ,Warner Bros. Pictures,“I’m gonna show you what the real Elvis is like tonight.” Don’t miss Austin Butler and Tom Hanks in THE film of the summer. See Baz Luhrmann’s #ElvisMovie only in theaters June 24....
THE GRAY MAN | Official Trailer | Netflix,https://www.youtube.com/watch?v=BmllggGO4pM,https://i.ytimg.com/vi/BmllggGO4pM/hqdefault.jpg?sqp=-oaymwEcCPYBEIoBSFXyq4qpAw4IARUAAIhCGAFwAcABBg==&rs=AOn4CLAjE7aX5sb_W1NVBtQh7lFsKtM0qg,Netflix,Ryan Gosling is THE GRAY MAN and Chris Evans is his psychopathic adversary in the Netflix/AGBO spy thriller directed by Anthony and Joe Russo - available globally July 22 on Netflix. Also...
Avatar: The Way of Water | Official Teaser Trailer,https://www.youtube.com/watch?v=a8Gx8wiNbs8,,Avatar,"Set more than a decade after the events of the first film, “Avatar: The Way of Water” begins to tell the story of the Sully family (Jake, Neytiri, and their kids), the trouble that follows..."
House of the Dragon | Official Teaser Trailer | HBO Max,https://www.youtube.com/watch?v=Wg86eQkdudI,,HBO Max,"History does not remember blood. It remembers names. August 21. #HouseoftheDragon About HBO Max: HBO Max is WarnerMedia’s direct-to-consumer offering with 10,000 hours of curated premium..."
Mission: Impossible – Dead Reckoning Part One | Official Teaser Trailer (2023 Movie) - Tom Cruise,https://www.youtube.com/watch?v=2m1drlOZSDw,,Paramount Pictures,We all share the same fate. Watch the official teaser trailer for #MissionImpossible – Dead Reckoning Part One starring Tom Cruise. Coming to theatres 2023. Connect with #MissionImpossible...
SONIC THE HEDGEHOG 2 Extended Movie Clip - Knuckles Fights Sonic! (2022),https://www.youtube.com/watch?v=g9Y9Pi-7ZkQ,,Entertainment Access,"Watch the official extended preview from Sonic The Hedgehog 2, an animation movie starring Ben Schwartz, Colleen O'Shaughnessey and Idris Elba. Available on Digital and streaming on Paramount+..."
"Laal Singh Chaddha Official Trailer | Aamir, Kareena, Mona, Chaitanya | Advait | In Cinemas 11th Aug",https://www.youtube.com/watch?v=R6savS7m0Fg,,Viacom18 Studios,"Laal Singh Chaddha, a simple man whose extraordinary journey will fill you with love, warmth, happiness and will also make you laugh. Watch Laal's beautiful journey in cinemas worldwide on..."
Shadow the Hedgehog (TRAILER) | SnapCube's Real-Time Fandub,https://www.youtube.com/watch?v=Rsx63Vu2b2M,,SnapCube,"""SnapCube's Real-Time Fandub Goes To Hell"" is the newest entry in our long-running Sonic dub series, in which edgy loner Shadow The Hedgehog is challenged by Satan to prove he can become a..."
THE BAD GUYS Movie Clip - Good Tonight (2022),https://www.youtube.com/watch?v=TCaUoYC_qXI,,KinoCheck Family,Official The Bad Guys Movie Clip 2022 | Subscribe ➤ http://abo.yt/ki | Sam Rockwell Movie Trailer | Theaters: 22 Apr 2022 | More https://KinoCheck.com/movie/qny/the-bad-guys-2022 After a...
Poppy Playtime: Chapter 3 - OFFICIAL TRAILER | NetPro Trailer Version,https://www.youtube.com/watch?v=V_eq8lLBop8,,NetPro,Poppy Playtime: Chapter 3 - OFFICIAL TRAILER | NetPro Trailer Version This trailer is a concept-mashup that shows my idea of how the teaser trailer for Poppy Playtime Chapter 3 might...
Obi-Wan Kenobi - FINAL TRAILER || 4K - DISNEY +,https://www.youtube.com/watch?v=HpdhRRuSqOI,,AD_edits,"Mega Mashup trailer with inquisitor eyes, and showing Obi Wan with his Blue Lightsaber added! Wanna know how I edit this fan-made Kenobi trailer? Become a member :) ✔️Join this channel..."
JUGJUGG JEEYO - OFFICAL TRAILER | Varun Dhawan Kiara Advani Anil Kapoor Neetu Kapoor | Raj Mehta,https://www.youtube.com/watch?v=iqlan_BUi2I,,Dharma Productions,"JugJugg Jeeyo is a story set in the heart of Patiala and much like the city, it’s full of love and laughter, colour and drama. It’s about family and its values, unresolved yearnings, and..."
Stranger Things Season 4 | Volume Two Trailer | 4K,https://www.youtube.com/watch?v=f3sDTl7oY5A,,RLG,Stranger Things Season 4 Volume 2 Sneak Peak
"F3 Trailer | Venkatesh, Varun Tej | Anil Ravipudi | DSP | Dil Raju | In Theatres May 27th",https://www.youtube.com/watch?v=3pelriJ6Acs,,Dil Raju,"Here's F3 Trailer... #F3Movie Starring Venkatesh, Varun Tej, Tamannaah, Mehreen Pirzada, Sunil, Sonal Chauhan. #F3 , #FunandFrustration MAY 27 2022 RELEASE #F3Movie Starring Venkatesh,..."
Thor Love and Thunder Trailer REACTION! Gorr the God Butcher First Thoughts!,https://www.youtube.com/watch?v=SMdAE13NXVk,,New Rockstars,"Gorr the Godbutcher (Christian Bale) arrives in the newest trailer for Thor Love and Thunder, and Erik Voss is here with his REACTION! Thor Love and Thunder trailer reaction by New Rockstars'..."
THE BOYS – Season 3 Official Trailer | Prime Video,https://www.youtube.com/watch?v=K-8VYKUZYiw,,Prime Video,"It’s been a year of calm. Homelander’s subdued. Butcher works for the government, supervised by Hughie of all people. But both men itch to turn this peace and quiet into blood and bone...."
The Winchesters | Season Trailer | The CW,https://www.youtube.com/watch?v=cCL_vwl4XUw,,The CW Network,"The Winchesters is coming this Fall to The CW! SUBSCRIBE: http://go.cwtv.com/YTSubscribe About The Winchesters: Before Sam and Dean, there was John and Mary. Told from the perspective of..."
Veetla Vishesham | Official Trailer | RJ Balaji | Aparna B | Urvashi | Sathyaraj | 17th June 2022,https://www.youtube.com/watch?v=RhfCAs7b42k,,Zee Studios,"Zee Studios & BayView Projects In Association with Romeo Pictures Presenting you the Official Trailer of RJ Balaji in Boney Kapoor’s #VeetlaVishesham, An RJ Balaji and NJ Saravanan Directorial,..."
THOR: LOVE and THUNDER Trailer Breakdown: Every EASTER EGG + Hidden Heimdall Explained,https://www.youtube.com/watch?v=2l9pk1dp0PE,,ScreenCrush,"Thor: Love and Thunder just unleashed its first full-length trailer, unveiling Gorr the God Butcher, played by Christian Bale. In this trailer breakdown we explain why Gorr is the next big..."
"VIKRAM - Official Trailer | Kamal Haasan | VijaySethupathi, FahadhFaasil | LokeshKanagaraj | Anirudh",https://www.youtube.com/watch?v=OKBMCL-frPU,,Sony Music South,"#VikramTrailer #VikramAudioLaunch #VikramInAction #VIKRAM WORLDWIDE THEATRICAL RELEASE ON JUNE 3RD. Movie : VIKRAM Starring: Kamal Haasan, Vijay Sethupathi, Fahadh Faasil. Banner: Raaj..."
Beast | Official Trailer,https://www.youtube.com/watch?v=oQMc7Sq36mI,,Universal Pictures,"Beast - Only In Theaters August 19 Sometimes the rustle in the bushes actually is a monster. Idris Elba (Fast & Furious Presents: Hobbs & Shaw, The Suicide Squad) stars in a pulse-pounding..."
MOONAGE DAYDREAM - Official Teaser Trailer HD,https://www.youtube.com/watch?v=L61SJbLhTqE,,David Bowie,"In cinemas worldwide September Genre: Documentary Cast: David Bowie, Ziggy Stardust, The Thin White Duke, David Jones Directed by: Brett Morgen Written by: Brett Morgen Producers: Brett..."
Thor Love and Thunder Trailer 2022: Thor vs Gorr and Marvel Easter Eggs,https://www.youtube.com/watch?v=K2zpY5LIIp0,,Emergency Awesome,"Thor Love and Thunder Trailer 2022. Thor vs Gorr, Necrosword. Living Tribunal, Marvel Gods, Marvel Easter Eggs & Guardians of the Galaxy 3 Teaser ► https://bit.ly/AwesomeSubscribe Black Panther..."
Prey | 20th Century Studios | Hulu,https://www.youtube.com/watch?v=7HGqcifonvs,,20th Century Studios,"Prey is coming to Hulu August 5 “Prey,” an all-new action-thriller from 20th Century Studios directed by Dan Trachtenberg (“The Boys,” “10 Cloverfield Lane”) and the newest entry..."
Baymax! | Official Trailer 2 | Disney+,https://www.youtube.com/watch?v=7xidOWnzSu4,,Walt Disney Animation Studios,"In celebration of National Streaming Day, Disney+ has released a new trailer and key art for Walt Disney Animation Studios’ “Baymax!” Streaming exclusively on Disney+ on June 29, the..."
Miss Scarlet and The Duke: Season 2 Trailer,https://www.youtube.com/watch?v=_oms9nGyGlE,,Masterpiece PBS,"It's official: Season 2 will premiere on Sunday, October 16 at 8/7c. Eliza Scarlet and William 'The Duke' Wellington are back on the case in an action-packed, all-new season. Subscribe to..."
"Baz Luhrmann’s ""ELVIS"" (Extended Trailer #1)",https://www.youtube.com/watch?v=tvRdipAbxho,,waylonvids,"See Austin Butler and Tom Hanks in Baz Luhrmann’s #ElvisMovie, only in theaters June 24. #TCB https://elvis.warnerbros.com https://www.facebook.com/ElvisMovie https://www.instagram.com/ElvisMo..."
